real,bigloom,gpt-small,distillgpt,gpt-neo-125M,gpt-medium,gpt-1.3B,xlnet-base-cased
You, know, know, know, know, know, know,want
want, the, the, the, the, the, the,to
to, future, future, future, future, future, future,the
predict, of, of, of, of, of, of,results
the, you, you, and, but, you, not,you
results, them, your, your, them, the, the,down
store, in, in, in, in, in, in,or
them,and,and, and,and, and, and,you
so, you, you, that, you, you, you,you
that, you, you, you, you, you, you,so
the , user, data, results, results, next, results,will
